{"frameRate":24,"armature":[{"bone":[{"name":"root","transform":{}},{"length":18,"transform":{"y":-32.45,"skX":95.8359,"skY":95.8359,"x":2.4},"parent":"root","name":"body"},{"length":13,"transform":{"y":-13.95,"skX":90.8394,"skY":90.8394,"x":-4.95},"parent":"root","name":"R_Leg"},{"length":13,"transform":{"y":-14,"skX":87.9399,"skY":87.9399,"x":6.35},"parent":"root","name":"L_Leg"},{"length":8,"transform":{"y":6.6047,"skX":-5.8359,"skY":-5.8359,"x":-1.1846},"parent":"body","name":"R_Shoulder"},{"length":7,"transform":{"y":-7.546,"skX":-7.72,"skY":-7.72,"x":-2.8822},"parent":"body","name":"L_Shoulder"},{"length":16,"transform":{"y":-4.6407,"skX":174.1641,"skY":174.1641,"x":7.7387},"parent":"body","name":"head"},{"length":31,"transform":{"y":0.5268,"skX":-1.8659,"skY":-1.8659,"x":0.2549},"parent":"body","name":"back01"},{"length":11,"transform":{"y":0.2679,"skX":-19.9629,"skY":-19.9629,"x":8.1456},"parent":"L_Shoulder","name":"L_Arm"},{"length":10,"transform":{"y":0.15,"skX":16.6726,"skY":16.6726,"x":8.85},"parent":"R_Shoulder","name":"R_Arm"},{"length":42,"transform":{"y":-0.25,"skX":94.6554,"skY":94.6554,"x":22.3254},"parent":"head","inheritRotation":0,"name":"backhair"},{"length":6,"transform":{"y":-0.1948,"skX":14.894,"skY":14.894,"x":11.8754},"parent":"L_Arm","name":"L_Hand"},{"length":6,"transform":{"y":0.4598,"skX":-19.9298,"skY":-19.9298,"x":10.3156},"parent":"R_Arm","name":"R_Hand"}],"slot":[{"name":"backhair","parent":"backhair","color":{}},{"z":1,"name":"back01","parent":"back01","color":{}},{"z":2,"name":"L_Leg","parent":"L_Leg","color":{}},{"z":3,"name":"R_Leg","parent":"R_Leg","color":{}},{"z":4,"name":"L_Shoulder","parent":"L_Shoulder","color":{}},{"z":5,"name":"L_Arm","parent":"L_Arm","color":{}},{"z":6,"name":"L_Hand","parent":"L_Hand","color":{}},{"z":7,"name":"body","parent":"body","color":{}},{"z":8,"name":"head","parent":"head","color":{}},{"z":9,"displayIndex":-1,"name":"emotion","parent":"head","color":{}},{"z":10,"name":"R_Arm","parent":"R_Arm","color":{}},{"z":11,"name":"R_Hand","parent":"R_Hand","color":{}},{"z":12,"name":"R_Shoulder","parent":"R_Shoulder","color":{}}],"animation":[{"bone":[{"frame":[{"duration":24,"tweenEasing":null,"transform":{}}],"name":"root"},{"frame":[{"duration":7,"tweenEasing":0,"transform":{}},{"duration":9,"tweenEasing":0,"transform":{"skX":0.6797,"skY":0.6797}},{"duration":8,"tweenEasing":0,"transform":{"y":-0.8152,"skX":-0.4138,"skY":-0.4138}},{"duration":0,"tweenEasing":null,"transform":{}}],"name":"body"},{"frame":[{"duration":24,"tweenEasing":null,"transform":{}}],"name":"L_Arm"},{"frame":[{"duration":24,"tweenEasing":null,"transform":{}}],"name":"L_Hand"},{"frame":[{"duration":24,"tweenEasing":null,"transform":{}}],"name":"R_Arm"},{"frame":[{"duration":24,"tweenEasing":null,"transform":{}}],"name":"R_Hand"},{"frame":[{"duration":24,"tweenEasing":null,"transform":{"skX":25.5594,"skY":25.5594}}],"name":"R_Leg"},{"frame":[{"duration":24,"tweenEasing":null,"transform":{}}],"name":"L_Leg"},{"frame":[{"duration":7,"tweenEasing":0,"transform":{"skX":7.2045,"skY":7.2045}},{"duration":17,"tweenEasing":0,"transform":{"skX":4.1744,"skY":4.1744}},{"duration":0,"tweenEasing":null,"transform":{"skX":7.2045,"skY":7.2045}}],"name":"R_Shoulder"},{"frame":[{"duration":7,"tweenEasing":0,"transform":{}},{"duration":17,"tweenEasing":0,"transform":{"skX":1.6538,"skY":1.6538}},{"duration":0,"tweenEasing":null,"transform":{}}],"name":"L_Shoulder"},{"frame":[{"duration":7,"tweenEasing":0,"transform":{"skX":3.0025,"skY":3.0025}},{"duration":17,"tweenEasing":0,"transform":{"skX":3.7671,"skY":3.7671}},{"duration":0,"tweenEasing":null,"transform":{"skX":3.0025,"skY":3.0025}}],"name":"head"},{"frame":[{"duration":24,"tweenEasing":0,"transform":{"skX":2.7598,"skY":2.7598}},{"duration":0,"tweenEasing":null,"transform":{"skX":2.7598,"skY":2.7598}}],"name":"back01"},{"frame":[{"duration":24,"tweenEasing":null,"transform":{}}],"name":"backhair"}],"slot":[],"frame":[],"ffd":[],"playTimes":0,"duration":24,"name":"idle"},{"bone":[{"frame":[{"duration":8,"tweenEasing":null,"transform":{}}],"name":"root"},{"frame":[{"duration":1,"tweenEasing":0,"transform":{"y":-2.2822,"skX":8.398,"skY":8.398}},{"duration":3,"tweenEasing":0,"transform":{"y":-2.2822,"skX":7.7726,"skY":7.7726}},{"duration":1,"tweenEasing":0,"transform":{"y":-1.6736,"skX":6.9384,"skY":6.9384}},{"duration":1,"tweenEasing":0,"transform":{"y":0.7607,"skX":6.9384,"skY":6.9384}},{"duration":2,"tweenEasing":0,"transform":{"y":-0.6086,"skX":6.9384,"skY":6.9384}},{"duration":0,"tweenEasing":null,"transform":{"y":-2.2822,"skX":8.398,"skY":8.398}}],"name":"body"},{"frame":[{"duration":1,"tweenEasing":0,"transform":{"skX":2.2513,"skY":2.2513}},{"duration":1,"tweenEasing":0,"transform":{"y":-1.5671,"skX":15.4062,"skY":15.4062}},{"duration":2,"tweenEasing":0,"transform":{"y":-1.5215,"skX":28.7343,"skY":28.7343}},{"duration":1,"tweenEasing":0,"transform":{"y":-1.5215,"skX":49.7171,"skY":49.7171}},{"duration":1,"tweenEasing":0,"transform":{"y":4.108,"skX":-264.9611,"skY":-264.9611,"x":2.2822}},{"duration":2,"tweenEasing":0,"transform":{"y":4.108,"skX":-264.9611,"skY":-264.9611,"x":3.3473}},{"duration":0,"tweenEasing":null,"transform":{"skX":2.2513,"skY":2.2513}}],"name":"R_Leg"},{"frame":[{"duration":1,"tweenEasing":0,"transform":{"y":1.8258,"skX":85.4863,"skY":85.4863,"x":-7.6833}},{"duration":1,"tweenEasing":0,"transform":{"y":-0.4869,"skX":60.5684,"skY":60.5684,"x":0.7762}},{"duration":2,"tweenEasing":0,"transform":{"y":-0.639,"skX":39.0678,"skY":39.0678,"x":0.9283}},{"duration":1,"tweenEasing":0,"transform":{"y":-0.0304,"skX":1.1525,"skY":1.1525,"x":-1.2018}},{"duration":1,"tweenEasing":0,"transform":{"y":-0.0304,"skX":-6.162,"skY":-6.162,"x":-1.2018}},{"duration":2,"tweenEasing":0,"transform":{"y":-0.0304,"skX":-3.0091,"skY":-3.0091,"x":-1.8104}},{"duration":0,"tweenEasing":null,"transform":{"y":1.8258,"skX":85.4863,"skY":85.4863,"x":-7.6833}}],"name":"L_Leg"},{"frame":[{"duration":2,"tweenEasing":0,"transform":{}},{"duration":2,"tweenEasing":0,"transform":{"skX":2.3716,"skY":2.3716}},{"duration":4,"tweenEasing":0,"transform":{"skX":4.3517,"skY":4.3517}},{"duration":0,"tweenEasing":null,"transform":{}}],"name":"R_Shoulder"},{"frame":[{"duration":8,"tweenEasing":null,"transform":{}}],"name":"L_Shoulder"},{"frame":[{"duration":5,"tweenEasing":0,"transform":{}},{"duration":3,"tweenEasing":0,"transform":{"skX":-3.9673,"skY":-3.9673}},{"duration":0,"tweenEasing":null,"transform":{}}],"name":"head"},{"frame":[{"duration":4,"tweenEasing":0,"transform":{}},{"duration":4,"tweenEasing":0,"transform":{"skX":-2.428,"skY":-2.428}},{"duration":0,"tweenEasing":null,"transform":{}}],"name":"back01"},{"frame":[{"duration":8,"tweenEasing":null,"transform":{}}],"name":"L_Arm"},{"frame":[{"duration":4,"tweenEasing":0,"transform":{"skX":-0.224,"skY":-0.224}},{"duration":4,"tweenEasing":0,"transform":{"skX":0.2666,"skY":0.2666}},{"duration":0,"tweenEasing":null,"transform":{"skX":-0.224,"skY":-0.224}}],"name":"R_Arm"},{"frame":[{"duration":5,"tweenEasing":0,"transform":{"skX":-0.7974,"skY":-0.7974}},{"duration":3,"tweenEasing":0,"transform":{"skX":2.6434,"skY":2.6434}},{"duration":0,"tweenEasing":null,"transform":{"skX":-0.7974,"skY":-0.7974}}],"name":"R_Hand"},{"frame":[{"duration":8,"tweenEasing":null,"transform":{}}],"name":"L_Hand"},{"frame":[{"duration":8,"tweenEasing":null,"transform":{}}],"name":"backhair"}],"slot":[],"frame":[],"ffd":[],"playTimes":0,"duration":8,"name":"run"},{"bone":[{"frame":[{"duration":5,"tweenEasing":0,"transform":{}},{"duration":9,"tweenEasing":0,"transform":{"x":5.1441}},{"duration":0,"tweenEasing":null,"transform":{}}],"name":"root"},{"frame":[{"duration":1,"tweenEasing":0,"transform":{"y":-2.2822,"skX":10.5877,"skY":10.5877}},{"duration":1,"tweenEasing":0,"transform":{"y":-1.5177,"skX":15.8207,"skY":15.8207,"x":-11.1161}},{"duration":1,"tweenEasing":0,"transform":{"y":2.0957,"skX":28.3825,"skY":28.3825,"x":-15.82}},{"duration":1,"tweenEasing":0,"transform":{"y":2.1,"skX":34.1865,"skY":34.1865,"x":-15.82}},{"duration":1,"tweenEasing":0,"transform":{"y":2.7414,"skX":28.9319,"skY":28.9319,"x":-13.2542}},{"duration":3,"tweenEasing":0,"transform":{"y":2.5276,"skX":25.6298,"skY":25.6298,"x":0.5152}},{"duration":3,"tweenEasing":0,"transform":{"y":2.5276,"skX":25.6298,"skY":25.6298,"x":1.5843}},{"duration":3,"tweenEasing":0,"transform":{"y":0.1271,"skX":21.5555,"skY":21.5555,"x":-0.4734}},{"duration":0,"tweenEasing":null,"transform":{"y":-2.2822,"skX":10.5877,"skY":10.5877}}],"name":"body"},{"frame":[{"duration":1,"tweenEasing":0,"transform":{"y":-1.4435,"skX":18.0772,"skY":18.0772,"x":-4.396}},{"duration":1,"tweenEasing":0,"transform":{"y":-0.2432,"skX":15.0399,"skY":15.0399,"x":-14.0054}},{"duration":1,"tweenEasing":0,"transform":{"y":-0.0294,"skX":24.3705,"skY":24.3705,"x":-23.6269}},{"duration":1,"tweenEasing":0,"transform":{"y":-0.0294,"skX":25.5107,"skY":25.5107,"x":-23.6269}},{"duration":1,"tweenEasing":0,"transform":{"y":0.612,"skX":29.1141,"skY":29.1141,"x":-21.3498}},{"duration":3,"tweenEasing":0,"transform":{"y":1.0397,"skX":31.5219,"skY":31.5219,"x":-6.5968}},{"duration":6,"tweenEasing":0,"transform":{"y":1.0397,"skX":36.0441,"skY":36.0441,"x":-5.9554}},{"duration":0,"tweenEasing":null,"transform":{"y":-1.4435,"skX":18.0772,"skY":18.0772,"x":-4.396}}],"name":"R_Leg"},{"frame":[{"duration":1,"tweenEasing":0,"transform":{"skX":0.5489,"skY":0.5489,"x":-1.5653}},{"duration":1,"tweenEasing":0,"transform":{"skX":-24.8099,"skY":-24.8099,"x":-7.498}},{"duration":1,"tweenEasing":0,"transform":{"y":2.9934,"skX":-51.0698,"skY":-51.0698,"x":-15.1204}},{"duration":1,"tweenEasing":0,"transform":{"y":2.9934,"skX":-50.2063,"skY":-50.2063,"x":-15.1204}},{"duration":1,"tweenEasing":0,"transform":{"y":2.1381,"skX":-32.7749,"skY":-32.7749,"x":-12.7684}},{"duration":3,"tweenEasing":0,"transform":{"y":0.1069,"skX":-2.3726,"skY":-2.3726,"x":-2.3024}},{"duration":6,"tweenEasing":0,"transform":{"y":0.1069,"skX":9.5261,"skY":9.5261,"x":0.4986}},{"duration":0,"tweenEasing":null,"transform":{"skX":0.5489,"skY":0.5489,"x":-1.5653}}],"name":"L_Leg"},{"frame":[{"duration":1,"tweenEasing":null,"transform":{}},{"duration":1,"tweenEasing":0,"transform":{"skX":2.1852,"skY":2.1852}},{"duration":2,"tweenEasing":0,"transform":{"skX":8.0765,"skY":8.0765}},{"duration":1,"tweenEasing":0,"transform":{"skX":-1.0409,"skY":-1.0409}},{"duration":9,"tweenEasing":null,"transform":{"skX":-6.6013,"skY":-6.6013}}],"name":"R_Shoulder"},{"frame":[{"duration":14,"tweenEasing":null,"transform":{}}],"name":"L_Shoulder"},{"frame":[{"duration":4,"tweenEasing":0,"transform":{"skX":-3.1225,"skY":-3.1225}},{"duration":10,"tweenEasing":0,"transform":{"skX":-5.9519,"skY":-5.9519}},{"duration":0,"tweenEasing":null,"transform":{"skX":-3.1225,"skY":-3.1225}}],"name":"head"},{"frame":[{"duration":1,"tweenEasing":0,"transform":{}},{"duration":1,"tweenEasing":0,"transform":{"skX":-12.893,"skY":-12.893}},{"duration":12,"tweenEasing":0,"transform":{"skX":-25.1239,"skY":-25.1239}},{"duration":0,"tweenEasing":null,"transform":{}}],"name":"back01"},{"frame":[{"duration":14,"tweenEasing":null,"transform":{}}],"name":"L_Arm"},{"frame":[{"duration":1,"tweenEasing":0,"transform":{"skX":-35.4043,"skY":-35.4043}},{"duration":1,"tweenEasing":0,"transform":{"skX":-18.1169,"skY":-18.1169}},{"duration":1,"tweenEasing":0,"transform":{"skX":2.8571,"skY":2.8571}},{"duration":1,"tweenEasing":0,"transform":{"skX":-3.4948,"skY":-3.4948}},{"duration":1,"tweenEasing":0,"transform":{"skX":-23.7905,"skY":-23.7905}},{"duration":3,"tweenEasing":0,"transform":{"skX":-73.0262,"skY":-73.0262}},{"duration":6,"tweenEasing":0,"transform":{"skX":-72.8994,"skY":-72.8994}},{"duration":0,"tweenEasing":null,"transform":{"skX":-35.4043,"skY":-35.4043}}],"name":"R_Arm"},{"frame":[{"duration":14,"tweenEasing":null,"transform":{}}],"name":"backhair"},{"frame":[{"duration":14,"tweenEasing":null,"transform":{}}],"name":"L_Hand"},{"frame":[{"duration":2,"tweenEasing":0,"transform":{"skX":29.348,"skY":29.348}},{"duration":2,"tweenEasing":0,"transform":{"skX":-1.6513,"skY":-1.6513}},{"duration":1,"tweenEasing":0,"transform":{"skX":37.2951,"skY":37.2951}},{"duration":4,"tweenEasing":0,"transform":{"skX":90.5061,"skY":90.5061}},{"duration":5,"tweenEasing":0,"transform":{"skX":99.9404,"skY":99.9404}},{"duration":0,"tweenEasing":null,"transform":{"skX":29.348,"skY":29.348}}],"name":"R_Hand"}],"slot":[{"frame":[{"duration":5,"displayIndex":-1,"tweenEasing":0},{"duration":6,"tweenEasing":0},{"duration":3,"displayIndex":-1,"tweenEasing":null}],"name":"emotion"}],"frame":[],"ffd":[],"playTimes":0,"duration":14,"name":"attack1"},{"bone":[{"frame":[{"duration":9,"tweenEasing":0,"transform":{"y":-3.1299}},{"duration":9,"tweenEasing":null,"transform":{"y":-0.3296}}],"name":"root"},{"frame":[{"duration":7,"tweenEasing":0,"transform":{"skX":5.9588,"skY":5.9588}},{"duration":2,"tweenEasing":0,"transform":{"skX":-3.8178,"skY":-3.8178}},{"duration":1,"tweenEasing":0,"transform":{"skX":9.3345,"skY":9.3345}},{"duration":1,"tweenEasing":0,"transform":{"y":1.4002,"skX":11.4184,"skY":11.4184}},{"duration":5,"tweenEasing":0,"transform":{"y":1.2446,"skX":10.7717,"skY":10.7717}},{"duration":2,"tweenEasing":null,"transform":{"y":-1.4849}}],"name":"body"},{"frame":[{"duration":1,"tweenEasing":0,"transform":{"skX":2.9163,"skY":2.9163}},{"duration":6,"tweenEasing":0,"transform":{"skX":24.4502,"skY":24.4502}},{"duration":2,"tweenEasing":0,"transform":{"y":0.9072,"skX":5.3761,"skY":5.3761,"x":2.1957}},{"duration":1,"tweenEasing":0,"transform":{"y":0.9072,"skX":18.3136,"skY":18.3136,"x":-4.021}},{"duration":8,"tweenEasing":0,"transform":{"y":2.2514,"skX":20.4657,"skY":20.4657,"x":-2.9009}},{"duration":0,"tweenEasing":null,"transform":{"y":0.8631,"skX":-1.7234,"skY":-1.7234,"x":-2.9009}}],"name":"R_Leg"},{"frame":[{"duration":1,"tweenEasing":0,"transform":{"y":-3.1753,"skX":-4.1196,"skY":-4.1196,"x":-2.4949}},{"duration":6,"tweenEasing":0,"transform":{"y":-2.268,"skX":34.5683,"skY":34.5683,"x":-2.4949}},{"duration":2,"tweenEasing":0,"transform":{"y":-2.7293,"skX":-6.9309,"skY":-6.9309,"x":5.1139}},{"duration":1,"tweenEasing":0,"transform":{"y":1.4571,"skX":-13.5081,"skY":-13.5081,"x":0.1014}},{"duration":8,"tweenEasing":0,"transform":{"y":2.0172,"skX":8.3482,"skY":8.3482,"x":5.1419}},{"duration":0,"tweenEasing":null,"transform":{"y":2.0172,"skX":-13.3297,"skY":-13.3297,"x":-1.3368}}],"name":"L_Leg"},{"frame":[{"duration":1,"tweenEasing":0,"transform":{"skX":-9.3611,"skY":-9.3611}},{"duration":2,"tweenEasing":0,"transform":{"skX":-11.2056,"skY":-11.2056}},{"duration":1,"tweenEasing":0,"transform":{"skX":-15.676,"skY":-15.676}},{"duration":4,"tweenEasing":0,"transform":{"skX":-24.6037,"skY":-24.6037}},{"duration":1,"tweenEasing":0,"transform":{"skX":-24.6037,"skY":-24.6037}},{"duration":7,"tweenEasing":0,"transform":{"skX":8.054,"skY":8.054}},{"duration":2,"tweenEasing":null,"transform":{"skX":7.2045,"skY":7.2045}}],"name":"R_Shoulder"},{"frame":[{"duration":16,"tweenEasing":null,"transform":{}},{"duration":2,"tweenEasing":null,"transform":{}}],"name":"L_Shoulder"},{"frame":[{"duration":1,"tweenEasing":0,"transform":{"skX":1.887,"skY":1.887}},{"duration":8,"tweenEasing":0,"transform":{"skX":0.2172,"skY":0.2172}},{"duration":2,"tweenEasing":0,"transform":{"skX":-13.1694,"skY":-13.1694}},{"duration":5,"tweenEasing":0,"transform":{"skX":4.2244,"skY":4.2244}},{"duration":2,"tweenEasing":null,"transform":{"skX":3.0025,"skY":3.0025}}],"name":"head"},{"frame":[{"duration":16,"tweenEasing":null,"transform":{}},{"duration":2,"tweenEasing":null,"transform":{"skX":2.7598,"skY":2.7598}}],"name":"back01"},{"frame":[{"duration":18,"tweenEasing":null,"transform":{}}],"name":"L_Arm"},{"frame":[{"duration":2,"tweenEasing":0,"transform":{"skX":-5.3187,"skY":-5.3187}},{"duration":1,"tweenEasing":0,"transform":{"y":-2.5117,"skX":-10.0734,"skY":-10.0734,"x":-1.0998}},{"duration":5,"tweenEasing":0,"transform":{"y":-3.7946,"skX":-32.3065,"skY":-32.3065,"x":0.2677}},{"duration":1,"tweenEasing":0,"transform":{"y":-3.7946,"skX":-107.8531,"skY":-107.8531,"x":0.2677}},{"duration":1,"tweenEasing":0,"transform":{"y":-3.7946,"skX":-83.6309,"skY":-83.6309,"x":0.2677}},{"duration":1,"tweenEasing":0,"transform":{"y":-3.7946,"skX":-81.9564,"skY":-81.9564,"x":0.2677}},{"duration":4,"tweenEasing":0,"transform":{"y":-5.1906,"skX":-95.1214,"skY":-95.1214,"x":4.4611}},{"duration":2,"tweenEasing":0,"transform":{"y":-5.1906,"skX":-95.1214,"skY":-95.1214,"x":4.4611}},{"duration":1,"tweenEasing":0,"transform":{"y":-13.5669,"skX":-174.1119,"skY":-174.1119,"x":29.6217}},{"duration":0,"tweenEasing":null,"transform":{"y":1.7876,"skX":-46.072,"skY":-46.072,"x":3.1762}}],"name":"R_Arm"},{"frame":[{"duration":18,"tweenEasing":null,"transform":{}}],"name":"backhair"},{"frame":[{"duration":18,"tweenEasing":null,"transform":{}}],"name":"L_Hand"},{"frame":[{"duration":4,"tweenEasing":null,"transform":{}},{"duration":1,"tweenEasing":0,"transform":{"y":-8.1525,"skX":-11.0989,"skY":-11.0989,"x":-1.4091}},{"duration":2,"tweenEasing":0,"transform":{"y":-14.6327,"skX":-5.8907,"skY":-5.8907,"x":6.7647}},{"duration":1,"tweenEasing":0,"transform":{"y":-15.6678,"skX":12.9842,"skY":12.9842,"x":18.9488}},{"duration":1,"tweenEasing":0,"transform":{"y":-15.6678,"skX":6.9578,"skY":6.9578,"x":18.9488}},{"duration":1,"tweenEasing":0,"transform":{"y":-12.8966,"skX":90.3193,"skY":90.3193,"x":6.5764}},{"duration":1,"tweenEasing":0,"transform":{"y":-23.3251,"skX":-151.6996,"skY":-151.6996,"x":24.1766}},{"duration":4,"tweenEasing":0,"transform":{"y":-6.1855,"skX":-65.8647,"skY":-65.8647,"x":40.3688}},{"duration":1,"tweenEasing":0,"transform":{"y":-6.1855,"skX":-65.8647,"skY":-65.8647,"x":40.3688}},{"duration":1,"tweenEasing":0,"transform":{"y":-27.2732,"skX":-109.2043,"skY":-109.2043,"x":25.859}},{"duration":1,"tweenEasing":0,"transform":{"y":-11.9554,"skX":196.335,"skY":196.335,"x":8.7298}},{"duration":0,"tweenEasing":null,"transform":{"y":-2.5635,"skX":58.4055,"skY":58.4055,"x":-1.7662}}],"name":"R_Hand"}],"slot":[{"frame":[{"duration":3,"displayIndex":-1,"tweenEasing":null},{"duration":12,"tweenEasing":0},{"duration":3,"displayIndex":-1,"tweenEasing":null}],"name":"emotion"}],"frame":[],"ffd":[],"playTimes":0,"duration":18,"name":"attack2"}],"type":"Armature","ik":[],"skin":[{"name":"","slot":[{"display":[{"path":"ferdinando/lobe","type":"image","name":"back01","transform":{"y":12.0175,"skX":-93.97,"skY":-93.97,"x":16.5925}}],"name":"back01"},{"display":[{"path":"ferdinando/left_hand","type":"image","name":"L_Hand","transform":{"y":-0.5303,"skX":-83.047,"skY":-83.047,"x":2.2359}}],"name":"L_Hand"},{"display":[{"path":"ferdinando/right_shoulder","type":"image","name":"R_Shoulder","transform":{"y":14.7127,"skX":-90,"skY":-90,"x":2.7691}}],"name":"R_Shoulder"},{"display":[{"path":"ferdinando/left_shoulder","type":"image","name":"L_Shoulder","transform":{"y":-6.4798,"skX":-88.1159,"skY":-88.1159,"x":3.1796}}],"name":"L_Shoulder"},{"display":[{"path":"ferdinando/right_arm","type":"image","name":"R_Arm","transform":{"y":1.2538,"skX":-106.6726,"skY":-106.6726,"x":5.235}}],"name":"R_Arm"},{"display":[{"path":"ferdinando/legs","type":"image","name":"Leg","transform":{"y":-0.0058,"skX":-87.9399,"skY":-87.9399,"x":6.7098}}],"name":"L_Leg"},{"display":[{"path":"ferdinando/armor","type":"image","name":"body","transform":{"y":0.456,"skX":-95.8359,"skY":-95.8359,"x":13.2704}}],"name":"body"},{"display":[{"path":"ferdinando/emotion","type":"image","name":"ferdinando/emotion","transform":{"y":-2.3222,"skX":90,"skY":90,"x":19.2133}}],"name":"emotion"},{"display":[{"path":"ferdinando/backhair","type":"image","name":"ferdinando/backhair","transform":{"y":9.0822,"skX":-95.6617,"skY":-95.6617,"x":20.1924}}],"name":"backhair"},{"display":[{"path":"ferdinando/left_arm","type":"image","name":"L_Arm","transform":{"y":-1.5313,"skX":-68.1531,"skY":-68.1531,"x":6.6529}}],"name":"L_Arm"},{"display":[{"path":"ferdinando/right_hand","type":"image","name":"R_Hand","transform":{"y":2.4459,"skX":-86.14,"skY":-86.14,"x":2.25}}],"name":"R_Hand"},{"display":[{"path":"ferdinando/legs","type":"image","name":"Leg","transform":{"y":0.3554,"skX":-90.8394,"skY":-90.8394,"x":6.6611}}],"name":"R_Leg"},{"display":[{"path":"ferdinando/head","type":"image","name":"head","transform":{"y":-9.753,"skX":90,"skY":90,"x":26.6448}}],"name":"head"}]}],"aabb":{"width":83.56830362330328,"y":-80.92428241241089,"height":81.1295062930079,"x":-50.287442880041944},"defaultActions":[{"gotoAndPlay":"idle"}],"name":"human","frameRate":24}],"name":"Lionel","version":"5.0","isGlobal":0}