{"width":128,"imagePath":"Lionel_tex.png","height":256,"name":"Lionel","SubTexture":[{"width":54,"y":1,"height":48,"name":"ferdinando/backhair","x":60},{"width":78,"y":63,"height":33,"name":"ferdinando/lobe","x":1},{"width":6,"y":29,"height":15,"name":"ferdinando/legs","x":116},{"width":33,"y":51,"height":39,"name":"ferdinando/left_shoulder","x":81},{"width":9,"y":15,"height":12,"name":"ferdinando/left_arm","x":116},{"width":6,"y":51,"height":9,"name":"ferdinando/left_hand","x":71},{"width":30,"y":98,"height":27,"name":"ferdinando/armor","x":45},{"width":57,"y":1,"height":60,"name":"ferdinando/head","x":1},{"width":42,"y":98,"height":27,"name":"ferdinando/emotion","x":1},{"width":9,"y":1,"height":12,"name":"ferdinando/right_arm","x":116},{"width":9,"y":51,"height":9,"name":"ferdinando/right_hand","x":60},{"width":33,"y":92,"height":39,"name":"ferdinando/right_shoulder","x":81}]}