<?xml version="1.0" encoding="UTF-8" standalone="yes"?>
<HeroDatabase xmlns:xsi="http://www.w3.org/2001/XMLSchema-instance">
	<list>
		<HeroInfo>
			<name>로슈포르</name>
			<heroClass>Warrior</heroClass>
			<blockSkill>skill1</blockSkill>
			<specialSkill>skill2</specialSkill>
			<canUse>false</canUse>
		</HeroInfo>
		<HeroInfo>
			<name>밀리아 레이지</name>
			<heroClass>Warrior</heroClass>
			<canUse>false</canUse>
		</HeroInfo>
		<HeroInfo>
			<name>죠니</name>
			<heroClass>Warrior</heroClass>
			<canUse>false</canUse>
		</HeroInfo>
		<HeroInfo>
			<name>정성공</name>
			<heroClass>Warrior</heroClass>
			<canUse>false</canUse>
		</HeroInfo>
		<HeroInfo>
			<name>비형랑</name>
			<heroClass>Warrior</heroClass>
			<canUse>false</canUse>
		</HeroInfo>
		<HeroInfo>
			<name>빅토리아</name>
			<heroClass>Warrior</heroClass>
			<canUse>true</canUse>
		</HeroInfo>
		<HeroInfo>
			<name>쿠사나기 쿄</name>
			<heroClass>Warrior</heroClass>
			<canUse>false</canUse>
		</HeroInfo>
		<HeroInfo>
			<name>야가미 이오리</name>
			<heroClass>Warrior</heroClass>
			<canUse>false</canUse>
		</HeroInfo>
		<HeroInfo>
			<name>오메가 루갈</name>
			<heroClass>Warrior</heroClass>
			<canUse>false</canUse>
		</HeroInfo>
		<HeroInfo>
			<name>라이오넬</name>
			<heroClass>Warrior</heroClass>
			<canUse>false</canUse>
		</HeroInfo>
		<HeroInfo>
			<name>샤샤</name>
			<heroClass>Warrior</heroClass>
			<canUse>false</canUse>
		</HeroInfo>
		<HeroInfo>
			<name>하르피아</name>
			<heroClass>Warrior</heroClass>
			<canUse>false</canUse>
		</HeroInfo>
		<HeroInfo>
			<name>아리타</name>
			<heroClass>Warrior</heroClass>
			<canUse>false</canUse>
		</HeroInfo>
		<HeroInfo>
			<name>블레이크 벨라도나</name>
			<heroClass>Warrior</heroClass>
			<canUse>false</canUse>
		</HeroInfo>
		<HeroInfo>
			<name>와이스 슈니</name>
			<heroClass>Warrior</heroClass>
			<canUse>false</canUse>
		</HeroInfo>
		<HeroInfo>
			<name>솔 배드가이</name>
			<heroClass>Warrior</heroClass>
			<canUse>false</canUse>
		</HeroInfo>
		<HeroInfo>
			<name>카이 키스크</name>
			<heroClass>Warrior</heroClass>
			<canUse>false</canUse>
		</HeroInfo>
		<HeroInfo>
			<name>보르고스</name>
			<heroClass>Warrior</heroClass>
			<canUse>false</canUse>
		</HeroInfo>
		<HeroInfo>
			<name>시엔</name>
			<heroClass>Warrior</heroClass>
			<canUse>false</canUse>
		</HeroInfo>
		<HeroInfo>
			<name>몽테</name>
			<heroClass>Warrior</heroClass>
			<canUse>false</canUse>
		</HeroInfo>
		<HeroInfo>
			<name>우지멘트</name>
			<heroClass>Warrior</heroClass>
			<canUse>false</canUse>
		</HeroInfo>
		<HeroInfo>
			<name>스사노오</name>
			<heroClass>Warrior</heroClass>
			<canUse>false</canUse>
		</HeroInfo>
		<HeroInfo>
			<name>카오리</name>
			<heroClass>Warrior</heroClass>
			<canUse>false</canUse>
		</HeroInfo>
		<HeroInfo>
			<name>비비안</name>
			<heroClass>Warrior</heroClass>
			<canUse>false</canUse>
		</HeroInfo>
		<HeroInfo>
			<name>잔다르크</name>
			<heroClass>Warrior</heroClass>
			<canUse>true</canUse>
		</HeroInfo>
		<HeroInfo>
			<name>레온</name>
			<heroClass>Warrior</heroClass>
			<canUse>true</canUse>
		</HeroInfo>
		<HeroInfo>
			<name>아벨</name>
			<heroClass>Warrior</heroClass>
			<canUse>false</canUse>
		</HeroInfo>
		<HeroInfo>
			<name>변검수</name>
			<heroClass>Warrior</heroClass>
			<canUse>false</canUse>
		</HeroInfo>
		<HeroInfo>
			<name>이시스</name>
			<heroClass>Warrior</heroClass>
			<canUse>false</canUse>
		</HeroInfo>
		<HeroInfo>
			<name>크리스</name>
			<heroClass>Warrior</heroClass>
			<canUse>false</canUse>
		</HeroInfo>
		<HeroInfo>
			<name>이사벨</name>
			<heroClass>Warrior</heroClass>
			<canUse>true</canUse>
		</HeroInfo>
		<HeroInfo>
			<name>롤랑</name>
			<heroClass>Paladin</heroClass>
			<canUse>false</canUse>
		</HeroInfo>
		<HeroInfo>
			<name>신 키스크</name>
			<heroClass>Paladin</heroClass>
			<canUse>false</canUse>
		</HeroInfo>
		<HeroInfo>
			<name>볼프강</name>
			<heroClass>Paladin</heroClass>
			<canUse>false</canUse>
		</HeroInfo>
		<HeroInfo>
			<name>직녀</name>
			<heroClass>Paladin</heroClass>
			<canUse>false</canUse>
		</HeroInfo>
		<HeroInfo>
			<name>빌리 칸</name>
			<heroClass>Paladin</heroClass>
			<canUse>false</canUse>
		</HeroInfo>
		<HeroInfo>
			<name>헥토르</name>
			<heroClass>Paladin</heroClass>
			<canUse>false</canUse>
		</HeroInfo>
		<HeroInfo>
			<name>아킬레우스</name>
			<heroClass>Paladin</heroClass>
			<canUse>false</canUse>
		</HeroInfo>
		<HeroInfo>
			<name>드레이크</name>
			<heroClass>Paladin</heroClass>
			<canUse>false</canUse>
		</HeroInfo>
		<HeroInfo>
			<name>베인</name>
			<heroClass>Paladin</heroClass>
			<canUse>false</canUse>
		</HeroInfo>
		<HeroInfo>
			<name>스타냐</name>
			<heroClass>Paladin</heroClass>
			<canUse>false</canUse>
		</HeroInfo>
		<HeroInfo>
			<name>토르</name>
			<heroClass>Paladin</heroClass>
			<canUse>false</canUse>
		</HeroInfo>
		<HeroInfo>
			<name>알렉산더</name>
			<heroClass>Paladin</heroClass>
			<canUse>false</canUse>
		</HeroInfo>
		<HeroInfo>
			<name>크림힐트</name>
			<heroClass>Paladin</heroClass>
			<canUse>true</canUse>
		</HeroInfo>
		<HeroInfo>
			<name>카인</name>
			<heroClass>Paladin</heroClass>
			<canUse>false</canUse>
		</HeroInfo>
		<HeroInfo>
			<name>문덕</name>
			<heroClass>Paladin</heroClass>
			<canUse>false</canUse>
		</HeroInfo>
		<HeroInfo>
			<name>아테나</name>
			<heroClass>Paladin</heroClass>
			<canUse>false</canUse>
		</HeroInfo>
		<HeroInfo>
			<name>슐라</name>
			<heroClass>Paladin</heroClass>
			<canUse>false</canUse>
		</HeroInfo>
		<HeroInfo>
			<name>진경</name>
			<heroClass>Paladin</heroClass>
			<canUse>false</canUse>
		</HeroInfo>
		<HeroInfo>
			<name>양 샤오롱</name>
			<heroClass>Paladin</heroClass>
			<canUse>false</canUse>
		</HeroInfo>
		<HeroInfo>
			<name>피라 니코스</name>
			<heroClass>Paladin</heroClass>
			<canUse>false</canUse>
		</HeroInfo>
		<HeroInfo>
			<name>메이</name>
			<heroClass>Paladin</heroClass>
			<canUse>false</canUse>
		</HeroInfo>
		<HeroInfo>
			<name>캡틴</name>
			<heroClass>Paladin</heroClass>
			<canUse>false</canUse>
		</HeroInfo>
		<HeroInfo>
			<name>지크프리트</name>
			<heroClass>Paladin</heroClass>
			<canUse>false</canUse>
		</HeroInfo>
		<HeroInfo>
			<name>듀라한</name>
			<heroClass>Paladin</heroClass>
			<canUse>false</canUse>
		</HeroInfo>
		<HeroInfo>
			<name>레이 링</name>
			<heroClass>Paladin</heroClass>
			<canUse>false</canUse>
		</HeroInfo>
		<HeroInfo>
			<name>김갑환</name>
			<heroClass>Paladin</heroClass>
			<canUse>false</canUse>
		</HeroInfo>
		<HeroInfo>
			<name>테리 보가드</name>
			<heroClass>Paladin</heroClass>
			<canUse>false</canUse>
		</HeroInfo>
		<HeroInfo>
			<name>펜리르</name>
			<heroClass>Paladin</heroClass>
			<canUse>false</canUse>
		</HeroInfo>
		<HeroInfo>
			<name>V</name>
			<heroClass>Paladin</heroClass>
			<canUse>false</canUse>
		</HeroInfo>
		<HeroInfo>
			<name>카구야</name>
			<heroClass>Archer</heroClass>
			<canUse>false</canUse>
		</HeroInfo>
		<HeroInfo>
			<name>데모나</name>
			<heroClass>Archer</heroClass>
			<canUse>false</canUse>
		</HeroInfo>
		<HeroInfo>
			<name>매그너스</name>
			<heroClass>Archer</heroClass>
			<canUse>false</canUse>
		</HeroInfo>
		<HeroInfo>
			<name>견우</name>
			<heroClass>Archer</heroClass>
			<canUse>false</canUse>
		</HeroInfo>
		<HeroInfo>
			<name>아탈란테</name>
			<heroClass>Archer</heroClass>
			<canUse>false</canUse>
		</HeroInfo>
		<HeroInfo>
			<name>맘바</name>
			<heroClass>Archer</heroClass>
			<canUse>false</canUse>
		</HeroInfo>
		<HeroInfo>
			<name>케이론</name>
			<heroClass>Archer</heroClass>
			<canUse>false</canUse>
		</HeroInfo>
		<HeroInfo>
			<name>한승</name>
			<heroClass>Archer</heroClass>
			<canUse>false</canUse>
		</HeroInfo>
		<HeroInfo>
			<name>리</name>
			<heroClass>Archer</heroClass>
			<canUse>false</canUse>
		</HeroInfo>
		<HeroInfo>
			<name>홍란</name>
			<heroClass>Archer</heroClass>
			<canUse>false</canUse>
		</HeroInfo>
		<HeroInfo>
			<name>자너프</name>
			<heroClass>Archer</heroClass>
			<canUse>false</canUse>
		</HeroInfo>
		<HeroInfo>
			<name>비올라</name>
			<heroClass>Archer</heroClass>
			<canUse>false</canUse>
		</HeroInfo>
		<HeroInfo>
			<name>라히마</name>
			<heroClass>Archer</heroClass>
			<canUse>true</canUse>
		</HeroInfo>
		<HeroInfo>
			<name>R</name>
			<heroClass>Archer</heroClass>
			<canUse>false</canUse>
		</HeroInfo>
		<HeroInfo>
			<name>니븐</name>
			<heroClass>Archer</heroClass>
			<canUse>false</canUse>
		</HeroInfo>
		<HeroInfo>
			<name>세트</name>
			<heroClass>Archer</heroClass>
			<canUse>false</canUse>
		</HeroInfo>
		<HeroInfo>
			<name>로빈후드</name>
			<heroClass>Archer</heroClass>
			<canUse>false</canUse>
		</HeroInfo>
		<HeroInfo>
			<name>기파랑</name>
			<heroClass>Archer</heroClass>
			<canUse>false</canUse>
		</HeroInfo>
		<HeroInfo>
			<name>곤</name>
			<heroClass>Archer</heroClass>
			<canUse>false</canUse>
		</HeroInfo>
		<HeroInfo>
			<name>한조</name>
			<heroClass>Archer</heroClass>
			<canUse>false</canUse>
		</HeroInfo>
		<HeroInfo>
			<name>시구르나</name>
			<heroClass>Archer</heroClass>
			<canUse>false</canUse>
		</HeroInfo>
		<HeroInfo>
			<name>히카리</name>
			<heroClass>Archer</heroClass>
			<canUse>false</canUse>
		</HeroInfo>
		<HeroInfo>
			<name>춘향</name>
			<heroClass>Archer</heroClass>
			<canUse>false</canUse>
		</HeroInfo>
		<HeroInfo>
			<name>마이</name>
			<heroClass>Archer</heroClass>
			<canUse>false</canUse>
		</HeroInfo>
		<HeroInfo>
			<name>테레사</name>
			<heroClass>Hunter</heroClass>
			<canUse>false</canUse>
		</HeroInfo>
		<HeroInfo>
			<name>까마귀</name>
			<heroClass>Hunter</heroClass>
			<canUse>false</canUse>
		</HeroInfo>
		<HeroInfo>
			<name>스파이로</name>
			<heroClass>Hunter</heroClass>
			<canUse>false</canUse>
		</HeroInfo>
		<HeroInfo>
			<name>바이퍼</name>
			<heroClass>Hunter</heroClass>
			<canUse>true</canUse>
		</HeroInfo>
		<HeroInfo>
			<name>빈센트</name>
			<heroClass>Hunter</heroClass>
			<canUse>false</canUse>
		</HeroInfo>
		<HeroInfo>
			<name>센티널</name>
			<heroClass>Hunter</heroClass>
			<canUse>false</canUse>
		</HeroInfo>
		<HeroInfo>
			<name>맥시</name>
			<heroClass>Hunter</heroClass>
			<canUse>false</canUse>
		</HeroInfo>
		<HeroInfo>
			<name>달타냥</name>
			<heroClass>Hunter</heroClass>
			<canUse>false</canUse>
		</HeroInfo>
		<HeroInfo>
			<name>노구</name>
			<heroClass>Hunter</heroClass>
			<canUse>false</canUse>
		</HeroInfo>
		<HeroInfo>
			<name>맨디</name>
			<heroClass>Hunter</heroClass>
			<canUse>false</canUse>
		</HeroInfo>
		<HeroInfo>
			<name>빌헬름</name>
			<heroClass>Hunter</heroClass>
			<canUse>false</canUse>
		</HeroInfo>
		<HeroInfo>
			<name>사이가</name>
			<heroClass>Hunter</heroClass>
			<canUse>false</canUse>
		</HeroInfo>
		<HeroInfo>
			<name>티아</name>
			<heroClass>Hunter</heroClass>
			<canUse>false</canUse>
		</HeroInfo>
		<HeroInfo>
			<name>레오나 하이데른</name>
			<heroClass>Hunter</heroClass>
			<canUse>false</canUse>
		</HeroInfo>
		<HeroInfo>
			<name>니오</name>
			<heroClass>Hunter</heroClass>
			<canUse>false</canUse>
		</HeroInfo>
		<HeroInfo>
			<name>레일라</name>
			<heroClass>Hunter</heroClass>
			<canUse>false</canUse>
		</HeroInfo>
		<HeroInfo>
			<name>멜</name>
			<heroClass>Hunter</heroClass>
			<canUse>false</canUse>
		</HeroInfo>
		<HeroInfo>
			<name>독스</name>
			<heroClass>Hunter</heroClass>
			<canUse>false</canUse>
		</HeroInfo>
		<HeroInfo>
			<name>레이븐</name>
			<heroClass>Hunter</heroClass>
			<canUse>false</canUse>
		</HeroInfo>
		<HeroInfo>
			<name>스파이니</name>
			<heroClass>Hunter</heroClass>
			<canUse>false</canUse>
		</HeroInfo>
		<HeroInfo>
			<name>아토스</name>
			<heroClass>Hunter</heroClass>
			<canUse>false</canUse>
		</HeroInfo>
		<HeroInfo>
			<name>루비 로즈</name>
			<heroClass>Hunter</heroClass>
			<canUse>false</canUse>
		</HeroInfo>
		<HeroInfo>
			<name>노라 발키리</name>
			<heroClass>Hunter</heroClass>
			<canUse>false</canUse>
		</HeroInfo>
		<HeroInfo>
			<name>엘페르트</name>
			<heroClass>Hunter</heroClass>
			<canUse>false</canUse>
		</HeroInfo>
		<HeroInfo>
			<name>스칼렛</name>
			<heroClass>Hunter</heroClass>
			<canUse>false</canUse>
		</HeroInfo>
		<HeroInfo>
			<name>로렐라이</name>
			<heroClass>Hunter</heroClass>
			<canUse>false</canUse>
		</HeroInfo>
		<HeroInfo>
			<name>루이실라</name>
			<heroClass>Hunter</heroClass>
			<canUse>false</canUse>
		</HeroInfo>
		<HeroInfo>
			<name>모모타로</name>
			<heroClass>Hunter</heroClass>
			<canUse>false</canUse>
		</HeroInfo>
		<HeroInfo>
			<name>잭오</name>
			<heroClass>Wizard</heroClass>
			<canUse>false</canUse>
		</HeroInfo>
		<HeroInfo>
			<name>카노</name>
			<heroClass>Wizard</heroClass>
			<canUse>false</canUse>
		</HeroInfo>
		<HeroInfo>
			<name>이츠위</name>
			<heroClass>Wizard</heroClass>
			<canUse>false</canUse>
		</HeroInfo>
		<HeroInfo>
			<name>데메테르</name>
			<heroClass>Wizard</heroClass>
			<canUse>false</canUse>
		</HeroInfo>
		<HeroInfo>
			<name>우리엘</name>
			<heroClass>Wizard</heroClass>
			<canUse>false</canUse>
		</HeroInfo>
		<HeroInfo>
			<name>치즈루</name>
			<heroClass>Wizard</heroClass>
			<canUse>false</canUse>
		</HeroInfo>
		<HeroInfo>
			<name>루냥</name>
			<heroClass>Wizard</heroClass>
			<canUse>false</canUse>
		</HeroInfo>
		<HeroInfo>
			<name>해달</name>
			<heroClass>Wizard</heroClass>
			<canUse>false</canUse>
		</HeroInfo>
		<HeroInfo>
			<name>울프람</name>
			<heroClass>Wizard</heroClass>
			<canUse>false</canUse>
		</HeroInfo>
		<HeroInfo>
			<name>벤야민</name>
			<heroClass>Wizard</heroClass>
			<canUse>false</canUse>
		</HeroInfo>
		<HeroInfo>
			<name>베스퍼</name>
			<heroClass>Wizard</heroClass>
			<canUse>false</canUse>
		</HeroInfo>
		<HeroInfo>
			<name>램리썰</name>
			<heroClass>Wizard</heroClass>
			<canUse>false</canUse>
		</HeroInfo>
		<HeroInfo>
			<name>소녀</name>
			<heroClass>Wizard</heroClass>
			<canUse>false</canUse>
		</HeroInfo>
		<HeroInfo>
			<name>바이올렛</name>
			<heroClass>Wizard</heroClass>
			<canUse>false</canUse>
		</HeroInfo>
		<HeroInfo>
			<name>릴리스</name>
			<heroClass>Wizard</heroClass>
			<canUse>false</canUse>
		</HeroInfo>
		<HeroInfo>
			<name>레이첼</name>
			<heroClass>Wizard</heroClass>
			<canUse>false</canUse>
		</HeroInfo>
		<HeroInfo>
			<name>오시리스</name>
			<heroClass>Wizard</heroClass>
			<canUse>false</canUse>
		</HeroInfo>
		<HeroInfo>
			<name>사스콰치</name>
			<heroClass>Wizard</heroClass>
			<canUse>false</canUse>
		</HeroInfo>
		<HeroInfo>
			<name>아칸</name>
			<heroClass>Wizard</heroClass>
			<canUse>true</canUse>
		</HeroInfo>
		<HeroInfo>
			<name>나즈룬</name>
			<heroClass>Wizard</heroClass>
			<canUse>false</canUse>
		</HeroInfo>
		<HeroInfo>
			<name>귀향</name>
			<heroClass>Wizard</heroClass>
			<canUse>false</canUse>
		</HeroInfo>
		<HeroInfo>
			<name>도로시</name>
			<heroClass>Wizard</heroClass>
			<canUse>false</canUse>
		</HeroInfo>
		<HeroInfo>
			<name>앨리스</name>
			<heroClass>Wizard</heroClass>
			<canUse>false</canUse>
		</HeroInfo>
		<HeroInfo>
			<name>이몽룡</name>
			<heroClass>Wizard</heroClass>
			<canUse>false</canUse>
		</HeroInfo>
		<HeroInfo>
			<name>셸미</name>
			<heroClass>Wizard</heroClass>
			<canUse>false</canUse>
		</HeroInfo>
		<HeroInfo>
			<name>네크론</name>
			<heroClass>Wizard</heroClass>
			<canUse>false</canUse>
		</HeroInfo>
		<HeroInfo>
			<name>노엘</name>
			<heroClass>Priest</heroClass>
			<canUse>false</canUse>
		</HeroInfo>
		<HeroInfo>
			<name>멜리사</name>
			<heroClass>Priest</heroClass>
			<canUse>true</canUse>
		</HeroInfo>
		<HeroInfo>
			<name>베아트리체</name>
			<heroClass>Priest</heroClass>
			<canUse>false</canUse>
		</HeroInfo>
		<HeroInfo>
			<name>켄수</name>
			<heroClass>Priest</heroClass>
			<canUse>false</canUse>
		</HeroInfo>
		<HeroInfo>
			<name>오르페오</name>
			<heroClass>Priest</heroClass>
			<canUse>false</canUse>
		</HeroInfo>
		<HeroInfo>
			<name>너스파이</name>
			<heroClass>Priest</heroClass>
			<canUse>false</canUse>
		</HeroInfo>
		<HeroInfo>
			<name>나이팅게일</name>
			<heroClass>Priest</heroClass>
			<canUse>false</canUse>
		</HeroInfo>
		<HeroInfo>
			<name>여우동</name>
			<heroClass>Priest</heroClass>
			<canUse>false</canUse>
		</HeroInfo>
		<HeroInfo>
			<name>우파</name>
			<heroClass>Priest</heroClass>
			<canUse>false</canUse>
		</HeroInfo>
		<HeroInfo>
			<name>슈타인</name>
			<heroClass>Priest</heroClass>
			<canUse>false</canUse>
		</HeroInfo>
		<HeroInfo>
			<name>뮤</name>
			<heroClass>Priest</heroClass>
			<canUse>false</canUse>
		</HeroInfo>
		<HeroInfo>
			<name>마리아</name>
			<heroClass>Priest</heroClass>
			<canUse>false</canUse>
		</HeroInfo>
		<HeroInfo>
			<name>히미코</name>
			<heroClass>Priest</heroClass>
			<canUse>false</canUse>
		</HeroInfo>
		<HeroInfo>
			<name>챠이</name>
			<heroClass>Priest</heroClass>
			<canUse>false</canUse>
		</HeroInfo>
		<HeroInfo>
			<name>아리아</name>
			<heroClass>Priest</heroClass>
			<canUse>false</canUse>
		</HeroInfo>
		<HeroInfo>
			<name>세이메이</name>
			<heroClass>Priest</heroClass>
			<canUse>false</canUse>
		</HeroInfo>
		<HeroInfo>
			<name>마르페이</name>
			<heroClass>Priest</heroClass>
			<canUse>false</canUse>
		</HeroInfo>
		<HeroInfo>
			<name>이노</name>
			<heroClass>Priest</heroClass>
			<canUse>false</canUse>
		</HeroInfo>
		<HeroInfo>
			<name>세이렌</name>
			<heroClass>Priest</heroClass>
			<canUse>false</canUse>
		</HeroInfo>
		<HeroInfo>
			<name>유리아</name>
			<heroClass>Priest</heroClass>
			<canUse>false</canUse>
		</HeroInfo>
		<HeroInfo>
			<name>파우스트</name>
			<heroClass>Priest</heroClass>
			<canUse>false</canUse>
		</HeroInfo>
		<HeroInfo>
			<name>바리</name>
			<heroClass>Priest</heroClass>
			<canUse>false</canUse>
		</HeroInfo>
		<HeroInfo>
			<name>아사미야 아테나</name>
			<heroClass>Priest</heroClass>
			<canUse>false</canUse>
		</HeroInfo>
		<HeroInfo>
			<name>다라</name>
			<heroClass>Priest</heroClass>
			<canUse>false</canUse>
		</HeroInfo>
	</list>
</HeroDatabase>