<?xml version="1.0" encoding="UTF-8" standalone="yes"?>
<IngameDatabase xmlns:xsi="http://www.w3.org/2001/XMLSchema-instance">
	<HeroInfo>
		<id>leon6</id>
		<name>레온</name>
		<class>Warrior</class>
		<level>60</level>
		<rare>legend</rare>
		<weaponId>leonWeapon</weaponId>
		<ringId>none</ringId>
		<blockSkill>성검의부름</blockSkill>
		<spSkill>징벌의화신</spSkill>
		<MaxHealth>12194.4</MaxHealth>
		<MinHealth>0</MinHealth>
		<CurrentHealth>12194.4</CurrentHealth>
		<AttackPoint>1143.9</AttackPoint>
		<CriticalRate>24.2</CriticalRate>
		<CriticalMultiplier>100</CriticalMultiplier>
		<MaxSpecialPoint>100</MaxSpecialPoint>
		<MinSpecialPoint>0</MinSpecialPoint>
		<CurrentSpecialPoint>0</CurrentSpecialPoint>
		<PhysicalDefense>1132.9</PhysicalDefense>
		<MagicalDefense>165.7</MagicalDefense>
		<TrueTypeDefense>1</TrueTypeDefense>
		<DamageReduceRate>0</DamageReduceRate>
		<BloodSuckingRate>0</BloodSuckingRate>
		<MaxAccuracy>200</MaxAccuracy>
		<MinAccuracy>0</MinAccuracy>
		<CurrentAccuracy>15</CurrentAccuracy>
		<MaxEvasionRate>75</MaxEvasionRate>
		<MinEvasionRate>0</MinEvasionRate>
		<CurrentEvasionRate>15</CurrentEvasionRate>
		<MaxRange>1</MaxRange>
		<MinRange>0</MinRange>
		<CurrentRange>0</CurrentRange>
		<MaxAttackSpeed>2</MaxAttackSpeed>
		<MinAttackSpeed>0.5</MinAttackSpeed>
		<CurrentAttackSpeed>1</CurrentAttackSpeed>
		<PhysicalPenetration>0</PhysicalPenetration>
		<MagicalPenetration>0</MagicalPenetration>
		<MoveSpeed>2</MoveSpeed>
		<KnockbackResistance>50</KnockbackResistance>
		<TimeAccelerationRate>1</TimeAccelerationRate>
		<MotionAccelerationRate>1</MotionAccelerationRate>
		<ScaleMultiplier>1</ScaleMultiplier>
	</HeroInfo>
	<HeroInfo>
		<id>Mue6</id>
		<name>뮤</name>
		<class>Priest</class>
		<level>60</level>
		<rare>master</rare>
		<weaponId>mueWeapon</weaponId>
		<ringId>none</ringId>
		<blockSkill>빛의속삭임(뮤)</blockSkill>
		<spSkill>자애의혼</spSkill>
		<MaxHealth>9898.5</MaxHealth>
		<MinHealth>0</MinHealth>
		<CurrentHealth>9898.5</CurrentHealth>
		<AttackPoint>1008.9</AttackPoint>
		<CriticalRate>21.7</CriticalRate>
		<CriticalMultiplier>105</CriticalMultiplier>
		<MaxSpecialPoint>100</MaxSpecialPoint>
		<MinSpecialPoint>0</MinSpecialPoint>
		<CurrentSpecialPoint>0</CurrentSpecialPoint>
		<PhysicalDefense>564.6</PhysicalDefense>
		<MagicalDefense>464.6</MagicalDefense>
		<TrueTypeDefense>1</TrueTypeDefense>
		<DamageReduceRate>0</DamageReduceRate>
		<BloodSuckingRate>0</BloodSuckingRate>
		<MaxAccuracy>200</MaxAccuracy>
		<MinAccuracy>0</MinAccuracy>
		<CurrentAccuracy>15</CurrentAccuracy>
		<MaxEvasionRate>75</MaxEvasionRate>
		<MinEvasionRate>0</MinEvasionRate>
		<CurrentEvasionRate>15</CurrentEvasionRate>
		<MaxRange>5</MaxRange>
		<MinRange>3</MinRange>
		<CurrentRange>0</CurrentRange>
		<MaxAttackSpeed>2</MaxAttackSpeed>
		<MinAttackSpeed>0.5</MinAttackSpeed>
		<CurrentAttackSpeed>1</CurrentAttackSpeed>
		<PhysicalPenetration>0</PhysicalPenetration>
		<MagicalPenetration>0</MagicalPenetration>
		<MoveSpeed>2</MoveSpeed>
		<KnockbackResistance>0</KnockbackResistance>
		<TimeAccelerationRate>1</TimeAccelerationRate>
		<MotionAccelerationRate>1</MotionAccelerationRate>
		<ScaleMultiplier>1</ScaleMultiplier>
	</HeroInfo>
	<HeroInfo>
		<id>hikari6</id>
		<name>히카리</name>
		<class>Archer</class>
		<level>60</level>
		<rare>premium</rare>
		<weaponId>hikariWeapon</weaponId>
		<ringId>none</ringId>
		<blockSkill>바람살</blockSkill>
		<spSkill>맹독바르기</spSkill>
		<MaxHealth>8592.4</MaxHealth>
		<MinHealth>0</MinHealth>
		<CurrentHealth>8592.4</CurrentHealth>
		<AttackPoint>1406.8</AttackPoint>
		<CriticalRate>39.3</CriticalRate>
		<CriticalMultiplier>115</CriticalMultiplier>
		<MaxSpecialPoint>100</MaxSpecialPoint>
		<MinSpecialPoint>0</MinSpecialPoint>
		<CurrentSpecialPoint>0</CurrentSpecialPoint>
		<PhysicalDefense>347.7</PhysicalDefense>
		<MagicalDefense>347.7</MagicalDefense>
		<TrueTypeDefense>1</TrueTypeDefense>
		<DamageReduceRate>0</DamageReduceRate>
		<BloodSuckingRate>0</BloodSuckingRate>
		<MaxAccuracy>200</MaxAccuracy>
		<MinAccuracy>0</MinAccuracy>
		<CurrentAccuracy>16</CurrentAccuracy>
		<MaxEvasionRate>75</MaxEvasionRate>
		<MinEvasionRate>0</MinEvasionRate>
		<CurrentEvasionRate>14</CurrentEvasionRate>
		<MaxRange>5</MaxRange>
		<MinRange>3</MinRange>
		<CurrentRange>0</CurrentRange>
		<MaxAttackSpeed>2</MaxAttackSpeed>
		<MinAttackSpeed>0.5</MinAttackSpeed>
		<CurrentAttackSpeed>1</CurrentAttackSpeed>
		<PhysicalPenetration>0</PhysicalPenetration>
		<MagicalPenetration>0</MagicalPenetration>
		<MoveSpeed>2</MoveSpeed>
		<KnockbackResistance>0</KnockbackResistance>
		<TimeAccelerationRate>1</TimeAccelerationRate>
		<MotionAccelerationRate>1</MotionAccelerationRate>
		<ScaleMultiplier>1</ScaleMultiplier>
	</HeroInfo>
</IngameDatabase>