<?xml version="1.0" encoding="UTF-8" standalone="yes"?>
<SkillDatabase xmlns:xsi="http://www.w3.org/2001/XMLSchema-instance">
	<list>
		<SkillInfo>
			<name>천공가르기</name>
			<skillType>Warrior</skillType>
			<canUse>false</canUse>
		</SkillInfo>
		<SkillInfo>
			<name>징벌의혼</name>
			<skillType>Warrior</skillType>
			<canUse>false</canUse>
		</SkillInfo>
		<SkillInfo>
			<name>춤추는칼날</name>
			<skillType>Warrior</skillType>
			<canUse>false</canUse>
		</SkillInfo>
		<SkillInfo>
			<name>탐식의불길</name>
			<skillType>Warrior</skillType>
			<canUse>false</canUse>
		</SkillInfo>
		<SkillInfo>
			<name>바람가르기</name>
			<skillType>Warrior</skillType>
			<canUse>false</canUse>
		</SkillInfo>
		<SkillInfo>
			<name>초승달난무</name>
			<skillType>Warrior</skillType>
			<canUse>false</canUse>
		</SkillInfo>
		<SkillInfo>
			<name>넘치는투지</name>
			<skillType>Warrior</skillType>
			<canUse>false</canUse>
		</SkillInfo>
		<SkillInfo>
			<name>최후의심판</name>
			<skillType>Warrior</skillType>
			<canUse>false</canUse>
		</SkillInfo>
		<SkillInfo>
			<name>회전폭풍</name>
			<skillType>Warrior</skillType>
			<canUse>false</canUse>
		</SkillInfo>
		<SkillInfo>
			<name>수호의혼</name>
			<skillType>Paladin</skillType>
			<canUse>false</canUse>
		</SkillInfo>
		<SkillInfo>
			<name>신성의망치</name>
			<skillType>Paladin</skillType>
			<canUse>false</canUse>
		</SkillInfo>
		<SkillInfo>
			<name>무적의방패</name>
			<skillType>Paladin</skillType>
			<canUse>false</canUse>
		</SkillInfo>
		<SkillInfo>
			<name>연속폭뢰</name>
			<skillType>Paladin</skillType>
			<canUse>false</canUse>
		</SkillInfo>
		<SkillInfo>
			<name>용기의함성</name>
			<skillType>Paladin</skillType>
			<canUse>false</canUse>
		</SkillInfo>
		<SkillInfo>
			<name>닻을내려라</name>
			<skillType>Paladin</skillType>
			<canUse>false</canUse>
		</SkillInfo>
		<SkillInfo>
			<name>공전망치</name>
			<skillType>Paladin</skillType>
			<canUse>false</canUse>
		</SkillInfo>
		<SkillInfo>
			<name>제압의힘</name>
			<skillType>Paladin</skillType>
			<canUse>false</canUse>
		</SkillInfo>
		<SkillInfo>
			<name>은혜의빛</name>
			<skillType>Paladin</skillType>
			<canUse>false</canUse>
		</SkillInfo>
		<SkillInfo>
			<name>응징의가시</name>
			<skillType>Paladin</skillType>
			<canUse>false</canUse>
		</SkillInfo>
		<SkillInfo>
			<name>혼령의목소리</name>
			<skillType>Archer</skillType>
			<canUse>false</canUse>
		</SkillInfo>
		<SkillInfo>
			<name>봉황의깃털</name>
			<skillType>Archer</skillType>
			<canUse>false</canUse>
		</SkillInfo>
		<SkillInfo>
			<name>속전속결</name>
			<skillType>Archer</skillType>
			<canUse>false</canUse>
		</SkillInfo>
		<SkillInfo>
			<name>등뒤의위협</name>
			<skillType>Archer</skillType>
			<canUse>false</canUse>
		</SkillInfo>
		<SkillInfo>
			<name>나비처럼날아서벌처럼쏴라</name>
			<skillType>Archer</skillType>
			<canUse>false</canUse>
		</SkillInfo>
		<SkillInfo>
			<name>칼날폭풍</name>
			<skillType>Archer</skillType>
			<canUse>false</canUse>
		</SkillInfo>
		<SkillInfo>
			<name>맹독바르기</name>
			<skillType>Archer</skillType>
			<canUse>false</canUse>
		</SkillInfo>
		<SkillInfo>
			<name>불꽃비</name>
			<skillType>Archer</skillType>
			<canUse>false</canUse>
		</SkillInfo>
		<SkillInfo>
			<name>라피스라즐리</name>
			<skillType>Hunter</skillType>
			<canUse>false</canUse>
		</SkillInfo>
		<SkillInfo>
			<name>융단폭격</name>
			<skillType>Hunter</skillType>
			<canUse>false</canUse>
		</SkillInfo>
		<SkillInfo>
			<name>지원포대</name>
			<skillType>Hunter</skillType>
			<canUse>false</canUse>
		</SkillInfo>
		<SkillInfo>
			<name>탄환개조</name>
			<skillType>Hunter</skillType>
			<canUse>false</canUse>
		</SkillInfo>
		<SkillInfo>
			<name>서부의총잡이</name>
			<skillType>Hunter</skillType>
			<canUse>false</canUse>
		</SkillInfo>
		<SkillInfo>
			<name>수류탄</name>
			<skillType>Hunter</skillType>
			<canUse>false</canUse>
		</SkillInfo>
		<SkillInfo>
			<name>지원폭격</name>
			<skillType>Hunter</skillType>
			<canUse>false</canUse>
		</SkillInfo>
		<SkillInfo>
			<name>오버드라이브</name>
			<skillType>Hunter</skillType>
			<canUse>false</canUse>
		</SkillInfo>
		<SkillInfo>
			<name>신속한공격</name>
			<skillType>Hunter</skillType>
			<canUse>false</canUse>
		</SkillInfo>
		<SkillInfo>
			<name>연막탄</name>
			<skillType>Hunter</skillType>
			<canUse>false</canUse>
		</SkillInfo>
		<SkillInfo>
			<name>연속마력광선</name>
			<skillType>Wizard</skillType>
			<canUse>false</canUse>
		</SkillInfo>
		<SkillInfo>
			<name>낙뢰</name>
			<skillType>Wizard</skillType>
			<canUse>false</canUse>
		</SkillInfo>
		<SkillInfo>
			<name>그림자마법사</name>
			<skillType>Wizard</skillType>
			<canUse>false</canUse>
		</SkillInfo>
		<SkillInfo>
			<name>마력폭풍</name>
			<skillType>Wizard</skillType>
			<canUse>false</canUse>
		</SkillInfo>
		<SkillInfo>
			<name>어둠의부름</name>
			<skillType>Wizard</skillType>
			<canUse>false</canUse>
		</SkillInfo>
		<SkillInfo>
			<name>불꽃의정령</name>
			<skillType>Wizard</skillType>
			<canUse>false</canUse>
		</SkillInfo>
		<SkillInfo>
			<name>찌릿찌릿구체</name>
			<skillType>Wizard</skillType>
			<canUse>false</canUse>
		</SkillInfo>
		<SkillInfo>
			<name>마나보호막</name>
			<skillType>Wizard</skillType>
			<canUse>false</canUse>
		</SkillInfo>
		<SkillInfo>
			<name>마나재활용</name>
			<skillType>Wizard</skillType>
			<canUse>false</canUse>
		</SkillInfo>
		<SkillInfo>
			<name>수상한뭉게구름</name>
			<skillType>Wizard</skillType>
			<canUse>false</canUse>
		</SkillInfo>
		<SkillInfo>
			<name>자애의혼</name>
			<skillType>Priest</skillType>
			<canUse>false</canUse>
		</SkillInfo>
		<SkillInfo>
			<name>여신의미소</name>
			<skillType>Priest</skillType>
			<canUse>false</canUse>
		</SkillInfo>
		<SkillInfo>
			<name>여신의활력</name>
			<skillType>Priest</skillType>
			<canUse>false</canUse>
		</SkillInfo>
		<SkillInfo>
			<name>소생</name>
			<skillType>Priest</skillType>
			<canUse>false</canUse>
		</SkillInfo>
		<SkillInfo>
			<name>여신의성역</name>
			<skillType>Priest</skillType>
			<canUse>false</canUse>
		</SkillInfo>
		<SkillInfo>
			<name>사나운토템</name>
			<skillType>Priest</skillType>
			<canUse>false</canUse>
		</SkillInfo>
		<SkillInfo>
			<name>여신의보호</name>
			<skillType>Priest</skillType>
			<canUse>false</canUse>
		</SkillInfo>
		<SkillInfo>
			<name>여신의분노</name>
			<skillType>Priest</skillType>
			<canUse>false</canUse>
		</SkillInfo>
		<SkillInfo>
			<name>헌혈시간입니다</name>
			<skillType>Priest</skillType>
			<canUse>false</canUse>
		</SkillInfo>
		<SkillInfo>
			<name>성검</name>
			<skillType>BlockSkill</skillType>
			<canUse>false</canUse>
		</SkillInfo>
	</list>
</SkillDatabase>