<?xml version="1.0" encoding="UTF-8" standalone="yes"?>
<StatusDatabase xmlns:xsi="http://www.w3.org/2001/XMLSchema-instance">
	<StatusInfo>
		<id>leon6</id>
		<name>레온</name>
		<class>Warrior</class>
		<level>60</level>
		<rare>legend</rare>
		<weaponId>leonWeapon</weaponId>
		<ringId>none</ringId>
		<blockSkill>성검의부름</blockSkill>
		<spSkill>징벌의화신</spSkill>
		<hp>12194.4</hp>
		<sp>100</sp>
		<atk>1143.9</atk>
		<crit>24.2</crit>
		<critMulti>100</critMulti>
		<phyPenetration>0</phyPenetration>
		<magicPenetration>0</magicPenetration>
		<atkSpeed>1</atkSpeed>
		<hpDrain>0</hpDrain>
		<acc>15</acc>
		<minRange>0</minRange>
		<maxRange>1</maxRange>
		<phyArmor>1132.9</phyArmor>
		<magicArmor>165.7</magicArmor>
		<dmgReduce>0</dmgReduce>
		<evade>15</evade>
		<knockRegist>50</knockRegist>
		<moveSpeed>100</moveSpeed>
		<timeMulti>1</timeMulti>
		<motionAccelMulti>1</motionAccelMulti>
		<sacleMulti>1</sacleMulti>
	</StatusInfo>
	<StatusInfo>
		<id>Mue6</id>
		<name>뮤</name>
		<class>Priest</class>
		<level>60</level>
		<rare>master</rare>
		<weaponId>mueWeapon</weaponId>
		<ringId>none</ringId>
		<blockSkill>빛의속삭임(뮤)</blockSkill>
		<spSkill>자애의혼</spSkill>
		<hp>9898.5</hp>
		<sp>100</sp>
		<atk>1008.9</atk>
		<crit>21.7</crit>
		<critMulti>105</critMulti>
		<phyPenetration>0</phyPenetration>
		<magicPenetration>0</magicPenetration>
		<atkSpeed>1.2</atkSpeed>
		<hpDrain>0</hpDrain>
		<acc>15</acc>
		<minRange>0</minRange>
		<maxRange>3</maxRange>
		<phyArmor>564.6</phyArmor>
		<magicArmor>464.6</magicArmor>
		<dmgReduce>0</dmgReduce>
		<evade>15</evade>
		<knockRegist>0</knockRegist>
		<moveSpeed>100</moveSpeed>
		<timeMulti>1</timeMulti>
		<motionAccelMulti>1</motionAccelMulti>
		<sacleMulti>1</sacleMulti>
	</StatusInfo>
	<StatusInfo>
		<id>hikari6</id>
		<name>히카리</name>
		<class>Archer</class>
		<level>60</level>
		<rare>premium</rare>
		<weaponId>hikariWeapon</weaponId>
		<ringId>none</ringId>
		<blockSkill>바람살</blockSkill>
		<spSkill>맹독바르기</spSkill>
		<hp>8592.4</hp>
		<sp>100</sp>
		<atk>1406.8</atk>
		<crit>39.3</crit>
		<critMulti>115</critMulti>
		<phyPenetration>0</phyPenetration>
		<magicPenetration>0</magicPenetration>
		<atkSpeed>1.3</atkSpeed>
		<hpDrain>0</hpDrain>
		<acc>16</acc>
		<minRange>0</minRange>
		<maxRange>5</maxRange>
		<phyArmor>347.7</phyArmor>
		<magicArmor>347.7</magicArmor>
		<dmgReduce>0</dmgReduce>
		<evade>14</evade>
		<knockRegist>0</knockRegist>
		<moveSpeed>100</moveSpeed>
		<timeMulti>1</timeMulti>
		<motionAccelMulti>1</motionAccelMulti>
		<sacleMulti>1</sacleMulti>
	</StatusInfo>
</StatusDatabase>