[
  {
    "code": 0,
    "level": 4,
    "name": "슬라임",
    "attack": 152.2,
    "attackRange": 2.9,
    "speed": 0.015,
    "maxHP": 40.5,
    "thumbnailPath": "Monster/Slime/sp_slime",
    "prefabPath": "Monster/Slime/Slime"
  },
  {
    "code": 1,
    "level": 4,
    "name": "고블린 전사",
    "attack": 174.1,
    "attackRange": 2.9,
    "speed": 0.0164,
    "maxHP": 60.5,
    "thumbnailPath": "Monster/GoblinWarrior/sp_goblinWarrior",
    "prefabPath": "Monster/GoblinWarrior/GoblinWarrior"
  },
  {
    "code": 2,
    "level": 4,
    "name": "고블린 궁수",
    "attack": 15.2,
    "attackRange": 1,
    "speed": 1,
    "maxHP": 64.2,
    "thumbnailPath": "Monster/sp_goblinArcher",
    "prefabPath": "Monster/GoblinArcher"
  },
  {
    "code": 3,
    "level": 4,
    "name": "늑대인간",
    "attack": 20.6,
    "attackRange": 1,
    "speed": 1,
    "maxHP": 104.5,
    "thumbnailPath": "Monster/sp_werewolf",
    "prefabPath": "Monster/Werewolf"
  },
  {
    "code": 4,
    "level": 4,
    "name": "엔트",
    "attack": 191.6,
    "attackRange": 7.3,
    "speed": 0.016,
    "maxHP": 170.2,
    "thumbnailPath": "Monster/Ent/sp_ent",
    "prefabPath": "Monster/Ent/Ent"
  },
  {
    "code": 5,
    "level": 4,
    "name": "오거",
    "attack": 28.2,
    "attackRange": 1,
    "speed": 1,
    "maxHP": 173.5,
    "thumbnailPath": "Monster/sp_ogre",
    "prefabPath": "Monster/Ogre"
  },
  {
    "code": 6,
    "level": 8,
    "name": "샌드맨",
    "attack": 16.8,
    "attackRange": 1,
    "speed": 1,
    "maxHP": 65.5,
    "thumbnailPath": "Monster/sp_sandman",
    "prefabPath": "Monster/Sandman"
  },
  {
    "code": 7,
    "level": 8,
    "name": "리자드맨",
    "attack": 30,
    "attackRange": 1,
    "speed": 1,
    "maxHP": 170.5,
    "thumbnailPath": "Monster/sp_lizardman",
    "prefabPath": "Monster/Lizardman"
  },
  {
    "code": 8,
    "level": 8,
    "name": "아누비스",
    "attack": 40,
    "attackRange": 1,
    "speed": 1,
    "maxHP": 220.5,
    "thumbnailPath": "Monster/sp_anubis",
    "prefabPath": "Monster/Anubis"
  },
  {
    "code": 9,
    "level": 8,
    "name": "호루스",
    "attack": 50,
    "attackRange": 1,
    "speed": 1,
    "maxHP": 230.2,
    "thumbnailPath": "Monster/sp_horus",
    "prefabPath": "Monster/Horus"
  }
]