[
  {
    "code": 0,
    "type": 0,
    "skill": 0,
    "grade": 1,
    "name": "레온",
    "startAttackPower": 12,
    "maxAttackPower": 24,
    "healthPoint": 657,
    "fatalHitProbability": 11.5,
    "physicalDefensePower": 77,
    "magicalDefensePower": 15,
    "prefabPath": "Soldier/leon/Leon",
    "spritePath": "Soldier/leon/sp_leon"
  },
  {
    "code": 1,
    "type": 0,
    "skill": 0,
    "grade": 2,
    "name": "숙련된 레온",
    "startAttackPower": 24,
    "maxAttackPower": 47,
    "healthPoint": 1041,
    "fatalHitProbability": 11.5,
    "physicalDefensePower": 130,
    "magicalDefensePower": 25,
    "prefabPath": "Soldier/leon/Leon",
    "spritePath": "Soldier/leon/sp_leon"
  },
  {
    "code": 2,
    "type": 0,
    "skill": 0,
    "grade": 3,
    "name": "이름난 레온",
    "startAttackPower": 47,
    "maxAttackPower": 113,
    "healthPoint": 1773,
    "fatalHitProbability": 11.5,
    "physicalDefensePower": 183,
    "magicalDefensePower": 35,
    "prefabPath": "Soldier/leon/Leon",
    "spritePath": "Soldier/leon/sp_leon"
  },
  {
    "code": 3,
    "type": 0,
    "skill": 0,
    "grade": 4,
    "name": "운명의 레온",
    "startAttackPower": 113,
    "maxAttackPower": 196,
    "healthPoint": 2739,
    "fatalHitProbability": 11.5,
    "physicalDefensePower": 235,
    "magicalDefensePower": 45,
    "prefabPath": "Soldier/leon_predestinate/Leon_predestinate",
    "spritePath": "Soldier/leon_predestinate/sp_leon_predestinate"
  },
  {
    "code": 4,
    "type": 0,
    "skill": 0,
    "grade": 5,
    "name": "숙명의 레온",
    "startAttackPower": 196,
    "maxAttackPower": 346,
    "healthPoint": 4184,
    "fatalHitProbability": 11.5,
    "physicalDefensePower": 297,
    "magicalDefensePower": 59,
    "prefabPath": "",
    "spritePath": "Soldier/sp_leon_fate"
  },
  {
    "code": 5,
    "type": 0,
    "skill": 0,
    "grade": 6,
    "name": "광휘의 레온",
    "startAttackPower": 346,
    "maxAttackPower": 535,
    "healthPoint": 6082,
    "fatalHitProbability": 11.5,
    "physicalDefensePower": 357,
    "magicalDefensePower": 72,
    "prefabPath": "",
    "spritePath": "Soldier/sp_leon_shine"
  },
  {
    "code": 6,
    "type": 0,
    "skill": 1,
    "grade": 4,
    "name": "잔다르크",
    "startAttackPower": 88,
    "maxAttackPower": 128,
    "healthPoint": 3036,
    "fatalHitProbability": 10,
    "physicalDefensePower": 146,
    "magicalDefensePower": 29,
    "prefabPath": "Soldier/joan/Joan",
    "spritePath": "Soldier/joan/sp_joan"
  },
  {
    "code": 7,
    "type": 0,
    "skill": 1,
    "grade": 5,
    "name": "기사 잔다르크",
    "startAttackPower": 128,
    "maxAttackPower": 220,
    "healthPoint": 4638,
    "fatalHitProbability": 10,
    "physicalDefensePower": 192,
    "magicalDefensePower": 40,
    "prefabPath": "",
    "spritePath": "Soldier/sp_joan_kight"
  },
  {
    "code": 8,
    "type": 0,
    "skill": 1,
    "grade": 6,
    "name": "강철기사 잔다르크",
    "startAttackPower": 220,
    "maxAttackPower": 335,
    "healthPoint": 6741,
    "fatalHitProbability": 10,
    "physicalDefensePower": 235,
    "magicalDefensePower": 50,
    "prefabPath": "",
    "spritePath": "Soldier/sp_joan_steelKnight"
  },
  {
    "code": 9,
    "type": 0,
    "skill": 0,
    "grade": 3,
    "name": "가챠레인저R",
    "startAttackPower": 77,
    "maxAttackPower": 107,
    "healthPoint": 1512,
    "fatalHitProbability": 10,
    "physicalDefensePower": 111,
    "magicalDefensePower": 22,
    "prefabPath": "Soldier/gachaRangerR/GachaRangerR",
    "spritePath": "Soldier/gachaRangerR/sp_gachaRangerR"
  },
  {
    "code": 10,
    "type": 1,
    "skill": 2,
    "grade": 3,
    "name": "가챠레인저K",
    "startAttackPower": 83,
    "maxAttackPower": 113,
    "healthPoint": 1273,
    "fatalHitProbability": 10,
    "physicalDefensePower": 22,
    "magicalDefensePower": 111,
    "prefabPath": "",
    "spritePath": "Soldier/sp_gachaRanger_k"
  },
  {
    "code": 11,
    "type": 2,
    "skill": 3,
    "grade": 3,
    "name": "가챠레인저Y",
    "startAttackPower": 107,
    "maxAttackPower": 137,
    "healthPoint": 1254,
    "fatalHitProbability": 15,
    "physicalDefensePower": 65,
    "magicalDefensePower": 65,
    "prefabPath": "",
    "spritePath": "Soldier/sp_gachaRanger_y"
  },
  {
    "code": 12,
    "type": 2,
    "skill": 3,
    "grade": 4,
    "name": "R-9999",
    "startAttackPower": 240,
    "maxAttackPower": 296,
    "healthPoint": 1357,
    "fatalHitProbability": 15,
    "physicalDefensePower": 86,
    "magicalDefensePower": 86,
    "prefabPath": "",
    "spritePath": "Soldier/sp_r-9999"
  },
  {
    "code": 13,
    "type": 2,
    "skill": 3,
    "grade": 5,
    "name": "R-1",
    "startAttackPower": 296,
    "maxAttackPower": 512,
    "healthPoint": 2092,
    "fatalHitProbability": 15,
    "physicalDefensePower": 113,
    "magicalDefensePower": 113,
    "prefabPath": "",
    "spritePath": "Soldier/sp_r-1"
  },
  {
    "code": 14,
    "type": 3,
    "skill": 4,
    "grade": 3,
    "name": "가챠레인저G",
    "startAttackPower": 133,
    "maxAttackPower": 163,
    "healthPoint": 1003,
    "fatalHitProbability": 20,
    "physicalDefensePower": 83,
    "magicalDefensePower": 22,
    "prefabPath": "",
    "spritePath": "Soldier/sp_gachaRanger_g"
  },
  {
    "code": 15,
    "type": 3,
    "skill": 4,
    "grade": 4,
    "name": "루이실라",
    "startAttackPower": 401,
    "maxAttackPower": 441,
    "healthPoint": 1960,
    "fatalHitProbability": 20,
    "physicalDefensePower": 103,
    "magicalDefensePower": 59,
    "prefabPath": "Soldier/louisilla/Louisilla",
    "spritePath": "Soldier/louisilla/sp_louisilla"
  },
  {
    "code": 16,
    "type": 4,
    "skill": 5,
    "grade": 3,
    "name": "가챠레인저B",
    "startAttackPower": 224,
    "maxAttackPower": 254,
    "healthPoint": 562,
    "fatalHitProbability": 20,
    "physicalDefensePower": 26,
    "magicalDefensePower": 111,
    "prefabPath": "",
    "spritePath": "Soldier/sp_gachaRanger_b"
  },
  {
    "code": 17,
    "type": 4,
    "skill": 5,
    "grade": 4,
    "name": "귀향",
    "startAttackPower": 189,
    "maxAttackPower": 229,
    "healthPoint": 1614,
    "fatalHitProbability": 20,
    "physicalDefensePower": 32,
    "magicalDefensePower": 137,
    "prefabPath": "",
    "spritePath": "Soldier/sp_gwihyang"
  },
  {
    "code": 18,
    "type": 4,
    "skill": 5,
    "grade": 5,
    "name": "저승사자 귀향",
    "startAttackPower": 237,
    "maxAttackPower": 397,
    "healthPoint": 2488,
    "fatalHitProbability": 20,
    "physicalDefensePower": 38,
    "magicalDefensePower": 163,
    "prefabPath": "",
    "spritePath": "Soldier/sp_gwihyang_reaper"
  },
  {
    "code": 19,
    "type": 4,
    "skill": 5,
    "grade": 6,
    "name": "염라사자 귀향",
    "startAttackPower": 254,
    "maxAttackPower": 604,
    "healthPoint": 3611,
    "fatalHitProbability": 20,
    "physicalDefensePower": 44,
    "magicalDefensePower": 189,
    "prefabPath": "",
    "spritePath": "Soldier/sp_gwihyang_yeomla"
  }
]