[
  {
    "level": 1,
    "maxExp": 100
  },
  {
    "level": 2,
    "maxExp": 140
  },
  {
    "level": 3,
    "maxExp": 180
  },
  {
    "level": 4,
    "maxExp": 220
  },
  {
    "level": 5,
    "maxExp": 260
  },
  {
    "level": 6,
    "maxExp": 300
  },
  {
    "level": 7,
    "maxExp": 340
  },
  {
    "level": 8,
    "maxExp": 380
  },
  {
    "level": 9,
    "maxExp": 420
  },
  {
    "level": 10,
    "maxExp": 460
  },
  {
    "level": 11,
    "maxExp": 500
  },
  {
    "level": 12,
    "maxExp": 540
  },
  {
    "level": 13,
    "maxExp": 580
  },
  {
    "level": 14,
    "maxExp": 620
  },
  {
    "level": 15,
    "maxExp": 700
  },
  {
    "level": 16,
    "maxExp": 835
  },
  {
    "level": 17,
    "maxExp": 970
  },
  {
    "level": 18,
    "maxExp": 1105
  },
  {
    "level": 19,
    "maxExp": 1240
  },
  {
    "level": 20,
    "maxExp": 1375
  },
  {
    "level": 21,
    "maxExp": 1510
  },
  {
    "level": 22,
    "maxExp": 1645
  },
  {
    "level": 23,
    "maxExp": 1780
  },
  {
    "level": 24,
    "maxExp": 1915
  },
  {
    "level": 25,
    "maxExp": 2050
  },
  {
    "level": 26,
    "maxExp": 2185
  },
  {
    "level": 27,
    "maxExp": 2322
  },
  {
    "level": 28,
    "maxExp": 2482
  },
  {
    "level": 29,
    "maxExp": 2642
  },
  {
    "level": 30,
    "maxExp": 2802
  },
  {
    "level": 31,
    "maxExp": 2962
  },
  {
    "level": 32,
    "maxExp": 2962
  },
  {
    "level": 33,
    "maxExp": 3122
  },
  {
    "level": 34,
    "maxExp": 3282
  },
  {
    "level": 35,
    "maxExp": 3442
  },
  {
    "level": 36,
    "maxExp": 3602
  },
  {
    "level": 37,
    "maxExp": 3762
  },
  {
    "level": 38,
    "maxExp": 3925
  },
  {
    "level": 39,
    "maxExp": 4539
  },
  {
    "level": 40,
    "maxExp": 5153
  },
  {
    "level": 41,
    "maxExp": 5767
  },
  {
    "level": 42,
    "maxExp": 6381
  },
  {
    "level": 43,
    "maxExp": 6995
  },
  {
    "level": 44,
    "maxExp": 7609
  },
  {
    "level": 45,
    "maxExp": 8223
  },
  {
    "level": 46,
    "maxExp": 8837
  },
  {
    "level": 47,
    "maxExp": 11411
  },
  {
    "level": 48,
    "maxExp": 13985
  },
  {
    "level": 49,
    "maxExp": 16559
  },
  {
    "level": 50,
    "maxExp": 19133
  },
  {
    "level": 51,
    "maxExp": 21707
  },
  {
    "level": 52,
    "maxExp": 24281
  },
  {
    "level": 53,
    "maxExp": 26855
  },
  {
    "level": 54,
    "maxExp": 29429
  },
  {
    "level": 55,
    "maxExp": 32003
  },
  {
    "level": 56,
    "maxExp": 34577
  },
  {
    "level": 57,
    "maxExp": 37151
  },
  {
    "level": 58,
    "maxExp": 39725
  },
  {
    "level": 59,
    "maxExp": 42299
  },
  {
    "level": 60,
    "maxExp": 44873
  }
]