[
  {
    "level": 1,
    "maxExp": 120
  },
  {
    "level": 2,
    "maxExp": 170
  },
  {
    "level": 3,
    "maxExp": 220
  },
  {
    "level": 4,
    "maxExp": 270
  },
  {
    "level": 5,
    "maxExp": 320
  },
  {
    "level": 6,
    "maxExp": 370
  },
  {
    "level": 7,
    "maxExp": 420
  },
  {
    "level": 8,
    "maxExp": 954
  },
  {
    "level": 9,
    "maxExp": 1246
  },
  {
    "level": 10,
    "maxExp": 1538
  },
  {
    "level": 11,
    "maxExp": 1830
  },
  {
    "level": 12,
    "maxExp": 2285
  },
  {
    "level": 13,
    "maxExp": 2740
  },
  {
    "level": 14,
    "maxExp": 3195
  },
  {
    "level": 15,
    "maxExp": 3650
  },
  {
    "level": 16,
    "maxExp": 4323
  },
  {
    "level": 17,
    "maxExp": 4996
  },
  {
    "level": 18,
    "maxExp": 5670
  },
  {
    "level": 19,
    "maxExp": 6435
  },
  {
    "level": 20,
    "maxExp": 7200
  },
  {
    "level": 21,
    "maxExp": 7965
  },
  {
    "level": 22,
    "maxExp": 8730
  },
  {
    "level": 23,
    "maxExp": 9495
  },
  {
    "level": 24,
    "maxExp": 10260
  },
  {
    "level": 25,
    "maxExp": 11025
  },
  {
    "level": 26,
    "maxExp": 11790
  },
  {
    "level": 27,
    "maxExp": 12555
  },
  {
    "level": 28,
    "maxExp": 13320
  },
  {
    "level": 29,
    "maxExp": 14085
  },
  {
    "level": 30,
    "maxExp": 14850
  },
  {
    "level": 31,
    "maxExp": 15615
  },
  {
    "level": 32,
    "maxExp": 16380
  },
  {
    "level": 33,
    "maxExp": 17145
  },
  {
    "level": 34,
    "maxExp": 17910
  },
  {
    "level": 35,
    "maxExp": 18675
  },
  {
    "level": 36,
    "maxExp": 19440
  },
  {
    "level": 37,
    "maxExp": 20205
  },
  {
    "level": 38,
    "maxExp": 20970
  },
  {
    "level": 39,
    "maxExp": 21735
  },
  {
    "level": 40,
    "maxExp": 22500
  },
  {
    "level": 41,
    "maxExp": 23265
  },
  {
    "level": 42,
    "maxExp": 24030
  },
  {
    "level": 43,
    "maxExp": 24795
  },
  {
    "level": 44,
    "maxExp": 25560
  },
  {
    "level": 45,
    "maxExp": 26325
  },
  {
    "level": 46,
    "maxExp": 27090
  },
  {
    "level": 47,
    "maxExp": 27855
  },
  {
    "level": 48,
    "maxExp": 28620
  },
  {
    "level": 49,
    "maxExp": 29385
  },
  {
    "level": 50,
    "maxExp": 30150
  },
  {
    "level": 51,
    "maxExp": 30915
  },
  {
    "level": 52,
    "maxExp": 31680
  },
  {
    "level": 53,
    "maxExp": 23445
  },
  {
    "level": 54,
    "maxExp": 33210
  },
  {
    "level": 55,
    "maxExp": 33975
  },
  {
    "level": 56,
    "maxExp": 34740
  },
  {
    "level": 57,
    "maxExp": 35505
  },
  {
    "level": 58,
    "maxExp": 36270
  },
  {
    "level": 59,
    "maxExp": 37040
  },
  {
    "level": 60,
    "maxExp": 55818
  }
]